{
    "timestamp": "2025-11-17_05-08-07",
    "model_name": "efficientnet-b7",
    "input_size": [
        380,
        380
    ],
    "training_parameters": {
        "epochs": 20,
        "batch_size": 16,
        "learning_rate": 0.0002,
        "momentum": 0.9,
        "weight_decay": 0.0004,
        "gamma": 0.9,
        "optimizer": "SGD",
        "scheduler": "ExponentialLR"
    },
    "test_metrics": {
        "loss": 0.11849757136501096,
        "accuracy": 0.9774074074074074,
        "precision": 0.958124532985522,
        "recall": 0.9817467373278941,
        "f1_score": 0.9687435635639697
    }
}