{
    "timestamp": "2025-11-16_16-11-17",
    "model_name": "efficientnet-b4",
    "input_size": [
        380,
        380
    ],
    "training_parameters": {
        "epochs": 5,
        "batch_size": 32,
        "learning_rate": 0.0002,
        "momentum": 0.9,
        "weight_decay": 0.0004,
        "gamma": 0.9,
        "optimizer": "SGD",
        "scheduler": "ExponentialLR"
    },
    "test_metrics": {
        "loss": 0.21986522271596784,
        "accuracy": 0.9636225843122395,
        "precision": 0.9292020659280068,
        "recall": 0.9690356934188847,
        "f1_score": 0.9460146764049372
    }
}