{
    "timestamp": "2025-11-09_17-38-46",
    "model_name": "efficientnet-b4",
    "test_metrics": {
        "loss": 0.20369098313351006,
        "accuracy": 0.9616588419405321,
        "precision": 0.9284915977209344,
        "recall": 0.9656356816959711,
        "f1": 0.9443125215695558
    }
}