{
    "timestamp": "2025-11-16_22-58-19",
    "model_name": "efficientnet-b4",
    "input_size": [
        380,
        380
    ],
    "training_parameters": {
        "epochs": 20,
        "batch_size": 32,
        "learning_rate": 0.0002,
        "momentum": 0.9,
        "weight_decay": 0.0004,
        "gamma": 0.9,
        "optimizer": "SGD",
        "scheduler": "ExponentialLR"
    },
    "test_metrics": {
        "loss": 0.13887053098529578,
        "accuracy": 0.9733333333333334,
        "precision": 0.9464547848491304,
        "recall": 0.9759871684204594,
        "f1_score": 0.9598013671414296
    }
}