{
    "timestamp": "2025-11-09_18-24-35",
    "model_name": "efficientnet-b4",
    "input_size": [
        380,
        380
    ],
    "training_parameters": {
        "epochs": 5,
        "batch_size": 32,
        "learning_rate": 0.001,
        "momentum": 0.9,
        "weight_decay": 0.0004,
        "gamma": 0.9,
        "optimizer": "SGD",
        "scheduler": "ExponentialLR"
    },
    "test_metrics": {
        "loss": 0.0915603482923055,
        "accuracy": 0.9776995305164319,
        "precision": 0.9549032732317821,
        "recall": 0.9808855185022161,
        "f1_score": 0.9666810655647715
    }
}