{
    "timestamp": "2025-11-12_13-22-25",
    "model_name": "efficientnet-b7",
    "input_size": [
        380,
        380
    ],
    "training_parameters": {
        "epochs": 20,
        "batch_size": 16,
        "learning_rate": 0.001,
        "momentum": 0.9,
        "weight_decay": 0.0004,
        "gamma": 0.9,
        "optimizer": "SGD",
        "scheduler": "ExponentialLR"
    },
    "test_metrics": {
        "loss": 0.06315330290539825,
        "accuracy": 0.9827856025039123,
        "precision": 0.9662679109201998,
        "recall": 0.9875079608174525,
        "f1_score": 0.9761500177258078
    }
}