{
    "timestamp": "2025-11-09_17-25-04",
    "model_name": "efficientnet-b4",
    "input_size": [
        380,
        380
    ],
    "training_parameters": {
        "epochs": 1,
        "batch_size": 32,
        "learning_rate": 0.001,
        "momentum": 0.9,
        "weight_decay": 0.0004,
        "gamma": 0.9,
        "optimizer": "SGD",
        "scheduler": "ExponentialLR"
    },
    "test_metrics": {
        "loss": 0.2050332717993916,
        "accuracy": 0.9643974960876369,
        "precision": 0.9345031057505445,
        "recall": 0.9679878135403143,
        "f1_score": 0.9493371170887444
    }
}