{
    "timestamp": "2025-11-16_17-00-02",
    "model_name": "efficientnet-b4",
    "input_size": [
        380,
        380
    ],
    "training_parameters": {
        "epochs": 5,
        "batch_size": 32,
        "learning_rate": 0.0002,
        "momentum": 0.9,
        "weight_decay": 0.0004,
        "gamma": 0.9,
        "optimizer": "SGD",
        "scheduler": "ExponentialLR"
    },
    "test_metrics": {
        "loss": 0.4001137922373083,
        "accuracy": 0.9348148148148148,
        "precision": 0.8903457883342797,
        "recall": 0.9403412378276476,
        "f1_score": 0.9087714744464102
    }
}