{
    "timestamp": "2025-11-16_20-58-25",
    "model_name": "efficientnet-b4",
    "input_size": [
        380,
        380
    ],
    "training_parameters": {
        "epochs": 5,
        "batch_size": 32,
        "learning_rate": 0.0002,
        "momentum": 0.9,
        "weight_decay": 0.0004,
        "gamma": 0.9,
        "optimizer": "SGD",
        "scheduler": "ExponentialLR"
    },
    "test_metrics": {
        "loss": 0.28622537628368094,
        "accuracy": 0.9588888888888889,
        "precision": 0.9272658660990619,
        "recall": 0.964001398655362,
        "f1_score": 0.9425212532778221
    }
}