{
    "timestamp": "2025-11-16_21-57-08",
    "model_name": "efficientnet-b4",
    "input_size": [
        380,
        380
    ],
    "training_parameters": {
        "epochs": 5,
        "batch_size": 32,
        "learning_rate": 0.0002,
        "momentum": 0.9,
        "weight_decay": 0.0004,
        "gamma": 0.9,
        "optimizer": "SGD",
        "scheduler": "ExponentialLR"
    },
    "test_metrics": {
        "loss": 0.18769887847205002,
        "accuracy": 0.9644444444444444,
        "precision": 0.9318280841789746,
        "recall": 0.9688982998394292,
        "f1_score": 0.947897905682168
    }
}